Model,MAE,RMSE,R²
RandomForest,0.09017829167617242,0.2839963826075841,0.9949621609076396
NeuralNet_MLP,0.3584810836568582,0.6273588327367551,-1.780435143321314
